id,dv,binary
1,0.80915249,0
2,0.929963524,0
3,0.457305615,1
4,0.323851905,1
5,0.650069075,0
6,0.036970012,1
7,0.920138141,0
8,0.405102418,1
9,0.101852542,1
10,0.926570934,0